id,cluster,x,y
BV003132717_0011,cluster1,0.9083503493114586,0.6309598995554863
BV003132717_0139,cluster1,0.918467295088548,0.5881653710852612
BV003132717_0155,cluster1,0.9103905729108716,0.6017352301624231
BV003132717_0175,cluster1,0.8999244483078553,0.6129692436444433
BV008972922_0225,cluster1,0.9901928106056016,0.4453443238642847
BV008972922_0229,cluster1,1.034765687428377,0.5018157782045745
BV008972922_0231,cluster1,1.037494659868288,0.4851472508773267
BV008972922_0233,cluster1,0.9426787279064464,0.5374195250141333
BV008972922_0235,cluster1,0.9558574529845306,0.5076972391182476
BV008972922_0237,cluster1,0.9655350274274812,0.4925189152105707
BV008972922_0239,cluster1,0.9643715193684984,0.5281426134576332
BV008972922_0241,cluster1,0.9870951068718692,0.4250378993886828
BV008972922_0243,cluster1,1.014278664511666,0.4360498799193765
BV008972922_0245,cluster1,1.0506756367298438,0.4519061830462735
BV008972922_0247,cluster1,1.0419183835524433,0.43691897310725397
BV008972922_0249,cluster1,1.0477430270789243,0.4199164796326896
BV008972922_0251,cluster1,1.0210334347163128,0.414329249876487
BV008972922_0253,cluster1,0.9941839234981636,0.4020904169599333
BV008972922_0257,cluster1,0.9362051162204946,0.4917754438254489
BV008972922_0259,cluster1,1.011800372622108,0.4584796066400096
BV008972922_0261,cluster1,0.914123646224708,0.4587950783123772
BV008972922_0263,cluster1,0.924410161664196,0.4411365280808253
BV008972922_0265,cluster1,0.9117980873121966,0.4272826007179309
BV008972922_0267,cluster1,0.8876174263292321,0.455636112942287
BV008972922_0269,cluster1,0.8950038782981943,0.4358825516489091
BV008972922_0275,cluster1,0.9848211564645168,0.5106315695568813
BV008972922_0277,cluster1,1.0118540572884338,0.4787325123924094
BV009474290_0053,cluster1,0.9138070066539844,0.6481454360103587
BV042324426_0001,cluster1,0.916681371237036,0.4857366514277132
BV003132717_0017,cluster2,0.08515748151695249,0.34014736004198365
BV003132717_0053,cluster2,0.06333867563022776,0.37408178076221704
BV003132717_0065,cluster2,0.11309366333105045,0.3901691320306184
BV003132717_0075,cluster2,0.09807833094020628,0.38684543253609305
BV008944838_0142,cluster2,0.11395383936393418,0.4714808383776094
BV008962194_0002,cluster2,0.1083712829997445,0.299704678966808
BV008962194_0003,cluster2,0.07302374371243522,0.3905008064797459
BV008962194_0005,cluster2,-0.01524996738709339,0.32531622075745603
BV008962194_0007,cluster2,0.03315488932295015,0.2914714691709322
BV008962194_0009,cluster2,0.04837209113436064,0.3323751364802614
BV008962194_0011,cluster2,0.0062759422050450864,0.299933449109448
BV008962194_0013,cluster2,0.010938494093466936,0.3762108708665188
BV008962194_0015,cluster2,0.04601168199858217,0.311334597710896
BV008962194_0017,cluster2,0.03703428989777584,0.352207126292338
BV008962194_0019,cluster2,0.007167858964121866,0.32726753100252154
BV008962194_0021,cluster2,-0.007305084414776698,0.3539419363030208
BV008962194_0023,cluster2,0.02486779759474817,0.3197308972915019
BV008962194_0025,cluster2,0.01214936806964902,0.3500926747376167
BV008972901_0002,cluster2,0.06472053332870056,0.4485712462773375
BV008972901_0005,cluster2,0.08584986774834145,0.31330421097357514
BV008972922_0002,cluster2,0.07130000201215575,0.4616990031048054
BV009186104_0002,cluster2,0.055654820821105434,0.4309544689916283
BV009328391_0002,cluster2,0.04076929896534485,0.4451291074620121
BV009474290_0011,cluster2,0.06139457092094055,0.3590092450050716
BV003132717_0084,cluster3,0.9978847656335532,0.302730428632502
BV003132717_0087,cluster3,0.9122624351406314,0.2511697145922435
BV003132717_0091,cluster3,0.9359314107180484,0.27700333874131466
BV003132717_0093,cluster3,0.9409892251722171,0.32412237450827697
BV003132717_0095,cluster3,0.9452039232339168,0.26375330290586746
BV003132717_0115,cluster3,0.9136824597439352,0.27820206767419337
BV003132717_0125,cluster3,0.9432653594960729,0.30712266704494545
BV008972922_0255,cluster3,1.008159108576285,0.3896644633934411
BV009328391_0066,cluster3,0.99463811583613,0.27969692058810425
BV009328391_0117,cluster3,0.9769625521555324,0.3728029815060534
BV009328391_0153,cluster3,0.9494154264988937,0.37687350925208296
BV003132717_0085,cluster4,0.2972721254628476,0.7008275318167936
BV008944838_0035,cluster4,0.3598716622710674,0.8352673804676951
BV008944838_0037,cluster4,0.2475684268864769,0.8018449256856375
BV008944838_0043,cluster4,0.3058088737832837,0.7633797383713516
BV008944838_0045,cluster4,0.3399318541673851,0.8223594257531704
BV008944838_0075,cluster4,0.3705592975923665,0.8678698055340623
BV008944838_0079,cluster4,0.3249169220561831,0.7359701073871939
BV008944838_0109,cluster4,0.3842783602159221,0.8457338281583818
BV008944838_0119,cluster4,0.363920331501084,0.7001797100431176
BV008944838_0137,cluster4,0.4196542122456483,0.8560863281812049
BV009474291_0163,cluster4,0.33606706720509155,0.6768466032615549
BV009474291_0251,cluster4,0.4095180626706153,0.7456517725153471
BV009519002_0027,cluster4,0.2939158610244101,0.8231329248276206
BV009519002_0039,cluster4,0.3307233281035908,0.8521425896075545
BV009519002_0043,cluster4,0.35781106103288873,0.8942040348233423
BV009519002_0051,cluster4,0.2634812047856405,0.7999845546803332
BV009519002_0059,cluster4,0.2952544432070651,0.7761639972310409
BV009519002_0063,cluster4,0.3321145913701441,0.8064067764306143
BV009519002_0091,cluster4,0.3111743442725348,0.8409911000558415
BV009519002_0111,cluster4,0.3481253416084671,0.8701870765493017
BV009519002_0119,cluster4,0.3302945097644617,0.7150432096785719
BV009519002_0131,cluster4,0.3003798452019266,0.8006275699843871
BV009519002_0167,cluster4,0.387379361098437,0.8267197499489455
BV009519002_0211,cluster4,0.421663337303018,0.8377723329995751
BV009519003_0045,cluster4,0.3600112316571878,0.7521487053535116
BV009519003_0057,cluster4,0.3933349121077168,0.7213455242404195
BV009519003_0061,cluster4,0.3573552730542776,0.7265031001967686
BV009519003_0065,cluster4,0.3508229255401677,0.7775165706784771
BV009519003_0085,cluster4,0.4192576242023893,0.8132634840026901
BV009519003_0089,cluster4,0.3938982854467731,0.8021641627225945
BV009519003_0105,cluster4,0.3686589293384652,0.801197334776361
BV009519003_0125,cluster4,0.41866529040170186,0.7081412938615773
BV009519003_0151,cluster4,0.3812844122351856,0.7651114182354808
BV009519003_0163,cluster4,0.41329443882212136,0.788176938230478
BV009519003_0167,cluster4,0.4076051447379612,0.6931509049507991
BV009519003_0191,cluster4,0.402720447358476,0.7637447495445087
BV042024113_0013,cluster4,0.2877723498016754,0.7475308377651263
BV003132717_0089,cluster5,0.5675471148670341,0.8605907451106023
BV003132717_0151,cluster5,0.6683227630593207,0.831472894214182
BV008944838_0025,cluster5,0.5548344304752132,0.9589313647495876
BV008944838_0111,cluster5,0.5952987407507275,0.8989885529121384
BV009186104_0013,cluster5,0.7211915144404865,0.8524916646046526
BV009186104_0175,cluster5,0.6246281695051721,0.8174393441317335
BV009474290_0005,cluster5,0.5755171424257077,0.9665126075658392
BV009474290_0047,cluster5,0.7090280786208036,1.01018160313505
BV009474290_0049,cluster5,0.6927456010271018,1.0137223878720016
BV009474290_0201,cluster5,0.6148337995015394,0.8541928462310476
BV009474290_0253,cluster5,0.6199353875849462,1.0516562450878204
BV009474291_0051,cluster5,0.6783621641136302,0.8797490248584294
BV009474291_0059,cluster5,0.6551849165687966,0.888089197593565
BV009474291_0281,cluster5,0.6363605692011445,1.0495240373239259
BV009519002_0031,cluster5,0.5430609742209773,0.9481235045614648
BV009519002_0171,cluster5,0.6030585529326595,0.913624471556237
BV009519003_0021,cluster5,0.5586268999303828,0.9067564548554878
BV009519003_0179,cluster5,0.541959545974437,0.9029436438353712
BV009519003_0207,cluster5,0.6159225735643472,0.8352848603597639
BV003132717_0097,cluster6,0.539865594784518,0.7414110512124176
BV003132717_0121,cluster6,0.4864269777434165,0.8074338773434471
BV003132717_0161,cluster6,0.5432966959253728,0.8596386512557219
BV003132717_0173,cluster6,0.5502015034477977,0.7643811027732346
BV003132717_0177,cluster6,0.5682509609018154,0.7627863381300783
BV008944838_0041,cluster6,0.5154512655279189,0.8857283165297221
BV008944838_0051,cluster6,0.471141522574481,0.832549354808062
BV008944838_0053,cluster6,0.4909561848175093,0.7426415493350857
BV008944838_0063,cluster6,0.4618574371448975,0.7907887166296786
BV008944838_0089,cluster6,0.5267542806052685,0.6999271291001663
BV008944838_0107,cluster6,0.50300607577552,0.7690466156832659
BV008944838_0123,cluster6,0.5290710320930291,0.8060236039949894
BV009519002_0047,cluster6,0.4837155213347626,0.8637278348773811
BV009519002_0055,cluster6,0.502829933404567,0.8736365858060647
BV009519002_0071,cluster6,0.4891147481867246,0.8362863662787234
BV009519002_0075,cluster6,0.4872870958760043,0.7268657482949554
BV009519002_0127,cluster6,0.4546497263609977,0.8580938580371258
BV009519002_0135,cluster6,0.5131506786831418,0.7079769490264809
BV009519002_0163,cluster6,0.5045371313871787,0.7848469174395328
BV009519002_0191,cluster6,0.5448820424324408,0.8126199849423276
BV009519003_0025,cluster6,0.4465348781386541,0.7266590318183438
BV009519003_0029,cluster6,0.4536569142652878,0.7553324250451589
BV009519003_0053,cluster6,0.4483465426366225,0.8195053596702108
BV009519003_0069,cluster6,0.5131165666833056,0.8422374077351159
BV009519003_0081,cluster6,0.43190973876042427,0.7797683211010683
BV009519003_0129,cluster6,0.6191646330455076,0.7906380693385411
BV009519003_0147,cluster6,0.5635334956239226,0.8115155405736105
BV003132717_0099,cluster7,0.7749112517879623,0.21571205003458624
BV003132717_0143,cluster7,0.772047020360347,0.231499158895748
BV003132717_0147,cluster7,0.7608893864576785,0.2469152768632637
BV003132717_0159,cluster7,0.8082416053243009,0.2293371493384817
BV009328391_0031,cluster7,0.7283340743882945,0.18430399430337285
BV009328391_0033,cluster7,0.7455977902320461,0.18205527158213736
BV009328391_0039,cluster7,0.7063773830179115,0.10082472920180507
BV009328391_0043,cluster7,0.6667943405572868,0.14514700619947699
BV009328391_0047,cluster7,0.6886484273515848,0.15884096031352332
BV009328391_0051,cluster7,0.7435403200417423,0.15359033733707347
BV009328391_0055,cluster7,0.7376063678037968,0.10051763435464628
BV009328391_0059,cluster7,0.6582871813732338,0.10524879332187936
BV009328391_0071,cluster7,0.7134248205819702,0.07890181447000827
BV009328391_0085,cluster7,0.7250539699797239,0.12128189504180885
BV009328391_0087,cluster7,0.7464488213961311,0.08394101250774902
BV009328391_0097,cluster7,0.6340225505980673,0.07922342100010209
BV009328391_0101,cluster7,0.6703122049464952,0.1679629649648245
BV009328391_0103,cluster7,0.7359559705622856,0.13436199762043416
BV009328391_0113,cluster7,0.8038092911641056,0.0963211036281338
BV009328391_0119,cluster7,0.7445891738010589,0.047308605180864036
BV009328391_0121,cluster7,0.8259664288680253,0.08609665158941268
BV009328391_0123,cluster7,0.7371811066742339,0.06045498386874373
BV009328391_0127,cluster7,0.7067441531629565,0.13794494421188386
BV009328391_0131,cluster7,0.6860793568422221,0.06990821975170286
BV009328391_0135,cluster7,0.6760549323281801,0.12036668372684177
BV009328391_0139,cluster7,0.6145572725836147,0.13674601779844886
BV009328391_0145,cluster7,0.7653934583473906,0.1164784658525664
BV009328391_0159,cluster7,0.6473105121638257,0.09372132168786827
BV009328391_0203,cluster7,0.6552199993541378,0.1816467743900936
BV009328392_0139,cluster7,0.7034838570309698,0.17191144238963246
BV009328392_0173,cluster7,0.5956985524022337,0.12970769675920654
BV009328392_0197,cluster7,0.6954624762179947,0.19189687038081735
BV009474291_0193,cluster7,0.7323067772915554,0.21910890746669093
BV042024113_0009,cluster7,0.8081109794965392,0.1446672675748166
BV003132717_0101,cluster8,0.10969460396902916,0.6546939043785576
BV003132717_0105,cluster8,0.0966979009308858,0.6300276074191618
BV003132717_0109,cluster8,0.11926707337166075,0.6253079384093524
BV003132717_0113,cluster8,0.1333427879616831,0.6134858850564008
BV003132717_0117,cluster8,0.16430580048901308,0.6792371528902357
BV003132717_0129,cluster8,0.1473677181755621,0.6509513144005494
BV003132717_0133,cluster8,0.12901189938915142,0.6418738349318697
BV003132717_0137,cluster8,0.15266483535381428,0.5603001597892401
BV003132717_0145,cluster8,0.0990636491454695,0.6037896956756431
BV003132717_0149,cluster8,0.12311581060080505,0.5947759775088987
BV003132717_0153,cluster8,0.14540220220790084,0.5470281539005517
BV003132717_0165,cluster8,0.13214301204410114,0.5383276023387504
BV003132717_0169,cluster8,0.18179898748722853,0.6333864798526619
BV009474290_0059,cluster8,0.2494998861101407,0.6827706891219467
BV009474290_0079,cluster8,0.24287683662095405,0.6483499627921643
BV009474290_0083,cluster8,0.2487379058149205,0.7227360873151738
BV009474290_0085,cluster8,0.2340698114233594,0.6355859198993143
BV009474290_0119,cluster8,0.20477506939029275,0.5836452078534893
BV009474290_0125,cluster8,0.22560570444942554,0.5472403650460864
BV009474290_0141,cluster8,0.21689453764581626,0.5713397501851846
BV009474291_0041,cluster8,0.20286648253193987,0.6734789433543019
BV009474291_0045,cluster8,0.2037679703677053,0.705845293715913
BV009474291_0055,cluster8,0.2747383145895093,0.5986596501959298
BV009474291_0063,cluster8,0.2281092865087841,0.6986452421754139
BV009474291_0077,cluster8,0.2321024035528325,0.6184408481171464
BV009474291_0179,cluster8,0.3146098298368008,0.5797039110457191
BV009474291_0235,cluster8,0.2961003774226734,0.5643339441723201
BV009474291_0237,cluster8,0.271740271726507,0.5699725119988927
BV009474291_0241,cluster8,0.2501167243798679,0.5572813509211937
BV009519002_0026,cluster8,0.29859003541571144,0.6487560047584602
BV009519002_0174,cluster8,0.3117512825620107,0.6272906173151364
BV042024113_0005,cluster8,0.1508265747313751,0.6014779364308942
BV003132717_0107,cluster9,0.8365758197943631,0.611862134375761
BV003132717_0135,cluster9,0.8312940976441606,0.5960278343494008
BV003132717_0163,cluster9,0.8247042465303659,0.5809814868295955
BV003132717_0171,cluster9,0.768993469586585,0.5865952245529693
BV003132717_0179,cluster9,0.7522786530875913,0.6128189585713354
BV003132717_0181,cluster9,0.7306990862634491,0.6020485982149822
BV008972922_0273,cluster9,0.8190502238200136,0.6482133250490755
BV009186104_0010,cluster9,0.8335913098442664,0.8319208834638314
BV009186104_0016,cluster9,0.6891980690715221,0.7364204819765042
BV009186104_0022,cluster9,0.7843795649192672,0.6682839211411399
BV009186104_0025,cluster9,0.7981539789747767,0.7733682200236681
BV009186104_0028,cluster9,0.7215817747550813,0.8132174570939884
BV009186104_0037,cluster9,0.7417088467546773,0.7674313285064134
BV009186104_0040,cluster9,0.7751703418845768,0.7265332962654331
BV009186104_0043,cluster9,0.6159006622563189,0.6902741257161631
BV009186104_0046,cluster9,0.7945465506044043,0.7265436241271122
BV009186104_0052,cluster9,0.8039560056733187,0.7017644775019981
BV009186104_0055,cluster9,0.6396182035707411,0.6975054506379426
BV009186104_0058,cluster9,0.6385989337880129,0.7510941715416941
BV009186104_0061,cluster9,0.7782278732101401,0.7590695893492589
BV009186104_0064,cluster9,0.6789848052858073,0.7777094428126994
BV009186104_0067,cluster9,0.6618945158931109,0.6531539634016108
BV009186104_0070,cluster9,0.8210830905022161,0.7302943531903846
BV009186104_0073,cluster9,0.8174071445333095,0.8272470219953009
BV009186104_0079,cluster9,0.8154004202342334,0.7836959581191173
BV009186104_0085,cluster9,0.6758041131582311,0.6759725608324063
BV009186104_0088,cluster9,0.7583584478843235,0.7849620279035859
BV009186104_0091,cluster9,0.6347701604056429,0.6721949668749694
BV009186104_0094,cluster9,0.6745054890845839,0.6385689739930445
BV009186104_0103,cluster9,0.7031624632537129,0.7987030891086442
BV009186104_0106,cluster9,0.6626719094520993,0.7082290150359615
BV009186104_0109,cluster9,0.7734977014735713,0.6922739446290478
BV009186104_0112,cluster9,0.7515297664026663,0.7498441752504721
BV009186104_0115,cluster9,0.6685514768477695,0.7387642433497068
BV009186104_0118,cluster9,0.7258744274243357,0.7824118035126478
BV009186104_0121,cluster9,0.7604645743871267,0.8231331167714434
BV009186104_0127,cluster9,0.8214299101440384,0.6922211986459831
BV009186104_0130,cluster9,0.8057981900059746,0.7481350781249263
BV009186104_0136,cluster9,0.6218370743920415,0.6329932137749081
BV009186104_0139,cluster9,0.7175889829872529,0.7592029673972773
BV009186104_0142,cluster9,0.7779528963375166,0.7887301737812519
BV009186104_0145,cluster9,0.7445754550579192,0.8074707726169913
BV009186104_0148,cluster9,0.7581493525658375,0.6822454760628434
BV009186104_0151,cluster9,0.7008272483450858,0.6957817229708265
BV009186104_0154,cluster9,0.7414020779475387,0.7080638649718985
BV009186104_0160,cluster9,0.6979466865086524,0.7176043921342826
BV009186104_0166,cluster9,0.6318597836662379,0.7329748684790853
BV009186104_0172,cluster9,0.7434560398551686,0.7246948601795079
BV009186104_0178,cluster9,0.7131458140486276,0.6712642651385068
BV009186104_0181,cluster9,0.7158155038878831,0.6531751462241151
BV009186104_0184,cluster9,0.7198966707514959,0.7348340497491402
BV009186104_0187,cluster9,0.7375787387252266,0.6787105737182958
BV009328391_0013,cluster9,0.7031654391320594,0.5910399427883105
BV009474290_0073,cluster9,0.8384327993539399,0.7783341323433661
BV009474290_0077,cluster9,0.7519367579605619,0.6411710323477108
BV009519003_0203,cluster9,0.6962265797998469,0.7632768358935101
BV003132717_0141,cluster10,0.4450669168468949,0.6305232525614607
BV003132717_0157,cluster10,0.42758246958327795,0.601159816140093
BV008944838_0021,cluster10,0.4550656414266772,0.6935995695913606
BV008944838_0055,cluster10,0.3794387670978929,0.6302372030952945
BV008944838_0093,cluster10,0.4927153134458165,0.6746629820653588
BV009186104_0082,cluster10,0.5670649555578258,0.6449659577881464
BV009474290_0095,cluster10,0.4953217011603847,0.6338156244790191
BV009474290_0099,cluster10,0.5117575261637008,0.6420971170768763
BV009474291_0081,cluster10,0.527657572148447,0.576688340410676
BV009474291_0085,cluster10,0.5078406218314125,0.5693923213392089
BV009474291_0089,cluster10,0.5429807234022199,0.5792629587245977
BV009474291_0109,cluster10,0.4976443537755296,0.4901804616638654
BV009474291_0113,cluster10,0.5119350274039635,0.5146915500777377
BV009474291_0119,cluster10,0.477002591878278,0.4888721046948117
BV009474291_0123,cluster10,0.4175734150967095,0.5860578717463247
BV009474291_0127,cluster10,0.4319914167255805,0.4951348937229669
BV009474291_0197,cluster10,0.3876282941657157,0.532444951866225
BV009474291_0247,cluster10,0.4458170699186933,0.5266265075142347
BV009474291_0253,cluster10,0.4616795568818237,0.4942760396242425
BV009474291_0257,cluster10,0.44716219675755503,0.5015758100096586
BV009519002_0023,cluster10,0.4375573346994085,0.6854850227200532
BV009519002_0079,cluster10,0.3801790689834478,0.6579269834978813
BV009519002_0139,cluster10,0.3436364327459259,0.6013477416522554
BV009519002_0183,cluster10,0.3892115629551682,0.6803926247537709
BV009519003_0155,cluster10,0.3499406158308353,0.6235670506600489
BV009519003_0183,cluster10,0.4189407336760844,0.6640499772064045
BV042024113_0003,cluster10,0.4684655996097018,0.5682760882654128
BV042024113_0007,cluster10,0.4565046733288232,0.5564742667298213
BV003132717_0167,cluster11,0.2926439776162797,0.3350548762316756
BV009328391_0007,cluster11,0.2726457071666597,0.2080634829389468
BV009328391_0009,cluster11,0.2961851931536845,0.2132995849666849
BV009328391_0011,cluster11,0.33186973957997856,0.3112055455093328
BV009328391_0017,cluster11,0.3900852582293357,0.2353262280979748
BV009328391_0035,cluster11,0.3843107432440489,0.27483609601445746
BV009328391_0065,cluster11,0.34045690050480865,0.25212105718968025
BV009328392_0127,cluster11,0.3153234008044216,0.25852183361453923
BV009328392_0145,cluster11,0.3357330218103548,0.19574497795211035
BV009328392_0149,cluster11,0.3223404059558245,0.20359397425371756
BV009474291_0189,cluster11,0.2371505318527209,0.3266744696322522
BV042324426_0025,cluster11,0.2491520348082267,0.20990038675562545
BV042324426_0029,cluster11,0.35840693974102583,0.29442918159677417
BV042324426_0039,cluster11,0.31015245276819425,0.0984518594089368
BV042324426_0041,cluster11,0.30386484068992264,0.1395374682809394
BV042324426_0045,cluster11,0.2949597567340917,0.29496234564716506
BV042324426_0047,cluster11,0.2694569141990897,0.3170736556238882
BV042324426_0049,cluster11,0.28653738320135114,0.31338513608195834
BV042324426_0051,cluster11,0.2403872127187092,0.3030899083467929
BV042324426_0053,cluster11,0.24672460333367305,0.26786781648667035
BV042324426_0055,cluster11,0.229403638759594,0.2872696162207536
BV042324426_0057,cluster11,0.262294931354234,0.2805864486304491
BV042324426_0061,cluster11,0.24810640171168555,0.2455449071499369
BV042324426_0063,cluster11,0.2909256059611792,0.15892324391742013
BV042324426_0067,cluster11,0.3168403707588255,0.12970924287271576
BV042324426_0069,cluster11,0.31745951499530145,0.11396788610538065
BV008944838_0007,cluster12,0.4190884103669565,1.0786402308166791
BV008944838_0065,cluster12,0.2957234433017465,1.027062132592528
BV008944838_0069,cluster12,0.2642544768476988,1.0703549158474208
BV008944838_0077,cluster12,0.34863099898991856,0.9254319001610424
BV008944838_0083,cluster12,0.3719710921633448,0.976228069056498
BV008944838_0105,cluster12,0.3262751188604843,1.0695583983885328
BV008944838_0131,cluster12,0.28128925992189113,0.97275605471045
BV009519002_0005,cluster12,0.4064162705093106,1.089416487342192
BV009519002_0095,cluster12,0.279195823730768,1.0214085906599113
BV009519002_0099,cluster12,0.3911009318197781,1.0070757236935195
BV009519002_0103,cluster12,0.2555309065127872,1.0538740397812962
BV009519002_0107,cluster12,0.4057462461964157,1.0240196434507622
BV009519002_0115,cluster12,0.33527236010795325,0.9337440667202688
BV009519002_0123,cluster12,0.3731754484286413,0.9955188959825232
BV009519002_0159,cluster12,0.30985937763246096,1.072376162986214
BV009519002_0203,cluster12,0.27815441807807306,0.9882528300211436
BV009519003_0033,cluster12,0.3807359968393617,1.0415625842978449
BV009519003_0073,cluster12,0.3371839259186269,1.0064528227337337
BV009519003_0101,cluster12,0.3367938563052953,0.9632550151692274
BV009519003_0109,cluster12,0.3199967022686217,0.9880079650224808
BV009519003_0117,cluster12,0.3472506649247635,1.0415462836202818
BV009519003_0199,cluster12,0.35037357822830223,1.0235113164262908
BV008944838_0015,cluster13,0.22466231031859935,0.8381474704526152
BV008944838_0019,cluster13,0.1365808152682262,0.9476939235315242
BV008944838_0023,cluster13,0.2695471083211088,0.8319398639834426
BV008944838_0057,cluster13,0.3122161766444752,0.899218280889277
BV008944838_0087,cluster13,0.18330830471698453,0.8668620211431554
BV008944838_0095,cluster13,0.2132724238491428,0.8686075933757625
BV008944838_0099,cluster13,0.1374030501002626,0.897100370143149
BV008944838_0101,cluster13,0.24933214305518875,0.9360466827114504
BV008944838_0113,cluster13,0.3093883651636629,0.9358069789462304
BV008944838_0117,cluster13,0.2108236621792343,1.004682177429818
BV008944838_0129,cluster13,0.19439497952789725,0.950082540198393
BV009474291_0149,cluster13,0.1978822446004752,0.913417321488353
BV009519002_0013,cluster13,0.21263013907231196,0.8246521496721617
BV009519002_0019,cluster13,0.15149475950300473,0.9442629779462052
BV009519002_0083,cluster13,0.3248252525584594,0.8866190957780086
BV009519002_0143,cluster13,0.21016177182225249,0.8848127178679254
BV009519002_0151,cluster13,0.14723869869131573,0.8845592349512625
BV009519002_0155,cluster13,0.2460712970410909,0.9509934680683754
BV009519002_0175,cluster13,0.2926449484098906,0.9358107938024716
BV009519002_0179,cluster13,0.22254831246725268,1.0185470694744074
BV009519002_0199,cluster13,0.2008871921996028,0.9354700007696172
BV009519003_0017,cluster13,0.27117121958174145,0.8894713483170402
BV009519003_0041,cluster13,0.2820256137785549,0.9143087460496988
BV009519003_0093,cluster13,0.23998757402614215,0.9710101023629764
BV009519003_0097,cluster13,0.2508718815564882,0.9074184191382894
BV009519003_0171,cluster13,0.2574228756389976,0.8637293122585672
BV009519003_0187,cluster13,0.29539048679277297,0.8669596904270596
BV008944838_0027,cluster14,0.22375865604013612,0.7758066391881405
BV008944838_0127,cluster14,0.07519247999727212,0.8547524535311397
BV008972922_0227,cluster14,0.0915126125760247,0.7055785026066591
BV009474290_0063,cluster14,0.0481333180016531,0.7079632608471892
BV009474290_0069,cluster14,0.033882613620774105,0.7015034037300387
BV009474290_0153,cluster14,0.1286934962991262,0.7717652299817971
BV009474290_0159,cluster14,0.15533607286111406,0.8070848545370837
BV009474290_0163,cluster14,0.16068386826642725,0.7851522995447635
BV009474290_0167,cluster14,0.14223377201868426,0.783280626474631
BV009474290_0171,cluster14,0.15868064129901835,0.7629559549402983
BV009474290_0175,cluster14,0.1833076973391339,0.7776139723594095
BV009474290_0185,cluster14,0.08631833966175881,0.7266293587175272
BV009474290_0225,cluster14,0.10936843123524312,0.7570639564444616
BV009474290_0233,cluster14,0.08572249397521424,0.7682537303044024
BV009474290_0239,cluster14,0.09400525376651836,0.7486042229245579
BV009519002_0035,cluster14,0.2340711173332869,0.7618358645638912
BV009519002_0195,cluster14,0.0907946393097282,0.8532035475834717
BV008944838_0031,cluster15,0.3948803433347071,0.8759422407468648
BV008944838_0033,cluster15,0.3816071371397016,0.8982416592825501
BV008944838_0047,cluster15,0.4022988025778796,0.9168857044961064
BV008944838_0059,cluster15,0.4340616225674864,0.9716716092147448
BV008944838_0067,cluster15,0.40400870120348,0.9658630509519074
BV008944838_0073,cluster15,0.4199152710031353,0.9799737812371586
BV008944838_0085,cluster15,0.4437560403547899,0.8715402314993314
BV008944838_0097,cluster15,0.4198271368728079,0.8951856151679604
BV008944838_0121,cluster15,0.3719517052756184,0.9246758102670242
BV008944838_0133,cluster15,0.4964795817051297,0.9984920108409556
BV009519002_0067,cluster15,0.41546066035581575,0.9284547543917312
BV009519002_0087,cluster15,0.4206162881370328,1.0026563699772983
BV009519002_0147,cluster15,0.5289524504676166,1.0190046607334475
BV009519002_0187,cluster15,0.3755440319833779,0.9438906456882922
BV009519002_0207,cluster15,0.4838349541992522,0.9891988535935188
BV009519003_0005,cluster15,0.4626441947079372,1.0486413325191466
BV009519003_0013,cluster15,0.4511125738449405,0.90165619551526
BV009519003_0037,cluster15,0.4468186876618101,1.037554216740929
BV009519003_0049,cluster15,0.4485754581702153,1.0112348640532445
BV009519003_0077,cluster15,0.5209993344123859,1.0350447215399678
BV009519003_0113,cluster15,0.4753292255135896,0.955304414651428
BV009519003_0121,cluster15,0.5007137347483086,0.9502833680486518
BV009519003_0135,cluster15,0.4711776825970484,0.915396804337868
BV009519003_0139,cluster15,0.5221495853559021,0.9221843654028156
BV009519003_0143,cluster15,0.4735109644184376,0.8890313470535327
BV009519003_0159,cluster15,0.4508351247510232,0.934654169658488
BV009519003_0175,cluster15,0.497995801230064,0.917292579429172
BV009519003_0195,cluster15,0.4509399057831081,0.9625537393786124
BV008972901_0261,cluster16,0.5188733360769386,0.3771180269436234
BV008972901_0263,cluster16,0.5409987024895765,0.3695120872747853
BV008972901_0265,cluster16,0.6154853772468504,0.3200274063880925
BV008972901_0269,cluster16,0.5632468497735443,0.3713181039303735
BV008972901_0271,cluster16,0.5744470324504375,0.34440271817877705
BV008972901_0273,cluster16,0.6008882009923312,0.3396269885409903
BV008972901_0277,cluster16,0.5837524527465081,0.3215293757669086
BV008972901_0287,cluster16,0.5685624444858828,0.3930914405676645
BV008972901_0303,cluster16,0.5235054259439887,0.33711162776943104
BV008972901_0305,cluster16,0.5503350558579907,0.3366822443820164
BV009328391_0025,cluster16,0.4657744609225521,0.2349536861624992
BV009328391_0027,cluster16,0.4630794477292865,0.2509332496546368
BV009328391_0029,cluster16,0.4342295208527125,0.2565190490187689
BV009328391_0041,cluster16,0.4543165285863799,0.26620643090297075
BV009328391_0045,cluster16,0.4623906954948354,0.27944741393356337
BV009328391_0149,cluster16,0.5801213125761415,0.2302809313430654
BV009328391_0151,cluster16,0.5916316693049201,0.21874169873666047
BV009328392_0199,cluster16,0.4128449184846128,0.2525728001340965
BV009474291_0099,cluster16,0.41517874506095503,0.3304579613201635
BV009474291_0101,cluster16,0.4374842205830637,0.3481049941742013
BV009474291_0105,cluster16,0.4607413858722722,0.3736457845689549
BV009474291_0151,cluster16,0.4695507750560438,0.29959801820693
BV009474291_0155,cluster16,0.40897199333889095,0.286909667981694
BV009474291_0157,cluster16,0.4252860281870524,0.3027913484911247
BV009474291_0161,cluster16,0.4639653583280994,0.3534379693300205
BV009474291_0167,cluster16,0.4675912640187968,0.3168841173418085
BV009474291_0183,cluster16,0.5131372518349137,0.2848334677254106
BV009474291_0187,cluster16,0.5232528886835509,0.2673934236658652
BV008972901_0267,cluster17,0.5946381628913445,0.3965498689593139
BV008972901_0275,cluster17,0.6255747513951392,0.3752593441513431
BV008972901_0279,cluster17,0.6469729733181488,0.3995539188361338
BV008972901_0281,cluster17,0.6481529860083153,0.3768632841100201
BV008972901_0283,cluster17,0.5939976205320844,0.3655360867737125
BV008972901_0285,cluster17,0.6117626461254192,0.3659237176755509
BV008972901_0289,cluster17,0.6915000356913319,0.36637061097866297
BV008972901_0291,cluster17,0.6800987337098536,0.4070729008539416
BV008972901_0295,cluster17,0.5959078845918632,0.4363808097736917
BV008972901_0297,cluster17,0.5887602201392571,0.4504229122552341
BV008972901_0299,cluster17,0.7214686582382666,0.35418117900486673
BV008972901_0301,cluster17,0.6933362604942552,0.5134394379583135
BV008972901_0307,cluster17,0.623512839987961,0.43280827963940427
BV008972901_0309,cluster17,0.6200705899582777,0.41087623962636655
BV008972901_0311,cluster17,0.646562498968195,0.4268488219659884
BV008972901_0325,cluster17,0.7027301026845132,0.3963526129123143
BV008972901_0329,cluster17,0.7238640975008259,0.4287502701169349
BV008972901_0339,cluster17,0.6672831166635822,0.3928727494682936
BV008972901_0359,cluster17,0.7272254689872645,0.4597210066489018
BV008972901_0361,cluster17,0.7158654131572444,0.4729100670292027
BV008972901_0363,cluster17,0.6961503901785571,0.4796001247693595
BV008972901_0367,cluster17,0.6927521944596118,0.4950794953874058
BV009186104_0005,cluster17,0.6412841520659289,0.5823928408768336
BV009328392_0123,cluster17,0.6831008513969157,0.3433158235682081
BV009474291_0259,cluster17,0.6224915020065968,0.5680887421028679
BV008972901_0293,cluster18,0.7404407879790648,0.37949113030265896
BV008972901_0313,cluster18,0.737030299346205,0.40465875679716
BV008972901_0315,cluster18,0.7833802148886241,0.4120919853363024
BV008972901_0319,cluster18,0.7474915578372905,0.4406482414648412
BV008972901_0321,cluster18,0.7642304404663492,0.4279982813816025
BV008972901_0323,cluster18,0.8356642052830751,0.4243854551217773
BV008972901_0327,cluster18,0.8126328598729834,0.40246813641183693
BV008972901_0331,cluster18,0.841716681274075,0.3690423218593071
BV008972901_0333,cluster18,0.7963941823378422,0.3609055302169267
BV008972901_0335,cluster18,0.8192072160166671,0.3591800152003065
BV008972901_0337,cluster18,0.78223923652346,0.3390736582117162
BV008972901_0341,cluster18,0.7963257251518496,0.3843483331625895
BV008972901_0343,cluster18,0.7772535505223738,0.3848850768698317
BV008972901_0345,cluster18,0.7632004092355044,0.3634681542252985
BV008972901_0347,cluster18,0.8249414072446326,0.38337622863212345
BV008972901_0349,cluster18,0.8475639094494982,0.3938928679432534
BV008972901_0351,cluster18,0.7878162504721941,0.4402619705736705
BV008972901_0353,cluster18,0.8125859598804855,0.4502204930214119
BV008972901_0355,cluster18,0.8146655435477126,0.4281706065635122
BV008972901_0357,cluster18,0.8509831198099059,0.4334396324912113
BV008972901_0365,cluster18,0.7594971181310187,0.40340279213355096
BV008972901_0369,cluster18,0.8187361337894892,0.3244078732106884
BV008972901_0371,cluster18,0.7531076733450505,0.4692906909588106
BV008972901_0373,cluster18,0.7686513661627183,0.5068555658516489
BV008972901_0375,cluster18,0.7977775431575792,0.4858536115520219
BV008972901_0377,cluster18,0.7468882860099378,0.4935749183245916
BV008972901_0379,cluster18,0.7789725365682562,0.4664395886133532
BV008972901_0381,cluster18,0.7739369064930378,0.4868142343477244
BV008972922_0271,cluster18,0.8336405884475719,0.3167427542943166
BV008972922_0279,cluster18,0.8683790373315914,0.4718463537900793
BV008972901_0383,cluster19,0.1833772149723889,0.2984153919307478
BV009186104_0034,cluster19,0.16003119235161056,0.26793010059385064
BV009328391_0005,cluster19,0.12193348521014515,0.204716571365213
BV009328392_0001,cluster19,0.1042461911067288,0.1893138860105252
BV009328392_0087,cluster19,0.2361532005832085,0.12347515856088748
BV009328392_0143,cluster19,0.1247934500329998,0.2411509269492356
BV042324426_0003,cluster19,0.14322382571112008,0.1987547219321443
BV042324426_0005,cluster19,0.16802304408120727,0.13894157619957254
BV042324426_0007,cluster19,0.2031990986596865,0.12512633997701655
BV042324426_0009,cluster19,0.1645213568727483,0.1767028493642482
BV042324426_0011,cluster19,0.15019418524060427,0.1647921967746656
BV042324426_0013,cluster19,0.19563789969508752,0.15218427375225602
BV042324426_0015,cluster19,0.21380477990692,0.14069600407710692
BV042324426_0017,cluster19,0.22154786325480186,0.1629932584007985
BV042324426_0019,cluster19,0.2369525723845519,0.19690821228052444
BV042324426_0021,cluster19,0.2431455392656977,0.17656056786220828
BV042324426_0023,cluster19,0.17991649282662692,0.18737842416232176
BV042324426_0027,cluster19,0.1621208298127582,0.22227416154171853
BV042324426_0031,cluster19,0.18563802623744435,0.2511224873215649
BV042324426_0033,cluster19,0.18719286335354526,0.2154278075535966
BV042324426_0035,cluster19,0.21227533320026926,0.2078587335345361
BV042324426_0037,cluster19,0.2038799227009327,0.2332342633167309
BV042324426_0043,cluster19,0.20952926852106732,0.1863359628588923
BV042324426_0059,cluster19,0.2232258718218564,0.2433474301346193
BV042324426_0065,cluster19,0.2059840793918295,0.2804965412099045
BV009186104_0076,cluster20,0.29396485624431645,0.5435658080530358
BV009328391_0019,cluster20,0.22224091655777384,0.3764910025553449
BV009328391_0021,cluster20,0.25606973506943803,0.3803314940730035
BV009328391_0181,cluster20,0.3171718952179862,0.4835573345251668
BV009328391_0185,cluster20,0.3017428412952854,0.4779132057118604
BV009328391_0187,cluster20,0.3433331968209204,0.4865868937370488
BV009328392_0033,cluster20,0.4143014264589979,0.4845146175431839
BV009328392_0035,cluster20,0.28984183923022394,0.4660816416385037
BV009328392_0037,cluster20,0.31515031392433057,0.4558903772481432
BV009328392_0195,cluster20,0.2403632986010077,0.38426199693068697
BV009474290_0091,cluster20,0.3994058042086743,0.38690595435519387
BV009474290_0111,cluster20,0.26170531213356474,0.5060424873005359
BV009474290_0115,cluster20,0.28250106952630144,0.5060925077548424
BV009474291_0131,cluster20,0.3795447785423053,0.37818085587729106
BV009474291_0201,cluster20,0.4076244811188873,0.4038971838681884
BV009474291_0203,cluster20,0.3655692045048341,0.3630511565142308
BV009474291_0207,cluster20,0.4106235388626924,0.4266832914813625
BV009474291_0213,cluster20,0.3154105610672245,0.4020505765996056
BV009474291_0219,cluster20,0.3481705270709665,0.404712113433557
BV009474291_0221,cluster20,0.33139611886497977,0.4026006661335088
BV009474291_0263,cluster20,0.3906480341245291,0.5137137502549408
BV009474291_0267,cluster20,0.3790199633490768,0.5040274451844511
BV009474291_0269,cluster20,0.36508641221595795,0.4954997034003448
BV009328391_0015,cluster21,0.4076373012613769,0.22166612325210566
BV009328391_0037,cluster21,0.4328324101830577,0.23126252697156235
BV009328391_0049,cluster21,0.3631526692778081,0.11510225298811587
BV009328391_0053,cluster21,0.3855115143514662,0.10348745521985234
BV009328391_0057,cluster21,0.38727977654748014,0.05334374388467377
BV009328391_0099,cluster21,0.4417856920057749,0.20288452263516035
BV009328391_0129,cluster21,0.3687285809825507,0.05588174494721578
BV009328391_0133,cluster21,0.4296532167503139,0.07966153646959702
BV009328391_0143,cluster21,0.39039239519126506,0.004051109878262958
BV009328391_0155,cluster21,0.4806872878749779,0.2055752708661576
BV009328391_0161,cluster21,0.4999030886910278,0.07617942928935237
BV009328391_0175,cluster21,0.5176917733321731,0.19940635267998355
BV009328391_0193,cluster21,0.5735366740838821,0.12907731733803532
BV009328391_0205,cluster21,0.39880891057629386,0.13683147764399986
BV009328392_0007,cluster21,0.5838398808784818,0.16722995597942553
BV009328392_0015,cluster21,0.5146353326721139,0.09982671036401716
BV009328392_0019,cluster21,0.4930406579860797,0.1024359888002213
BV009328392_0027,cluster21,0.4027864566034799,0.11531583038441115
BV009328392_0031,cluster21,0.4912142010214801,0.14803979649398294
BV009328392_0039,cluster21,0.4644561238044407,0.1429645952101778
BV009328392_0041,cluster21,0.4980456910854135,0.12461225281188452
BV009328392_0043,cluster21,0.4435437707137023,0.13980319257274024
BV009328392_0067,cluster21,0.4038450393974788,0.04580017278010639
BV009328392_0069,cluster21,0.5454028325999422,0.1336297435724971
BV009328392_0079,cluster21,0.5105165935662751,0.16752152050912922
BV009328392_0093,cluster21,0.5176810013137282,0.1376329417473834
BV009328392_0095,cluster21,0.4715188997954466,0.08798815065747732
BV009328392_0129,cluster21,0.4970191546509145,0.17973491109449075
BV009328392_0131,cluster21,0.4688021923296716,0.12120013213539588
BV009328392_0133,cluster21,0.4517903436508822,0.10483348192987604
BV009328392_0137,cluster21,0.5337634118652709,0.11182749653075638
BV009328392_0151,cluster21,0.4603121819406264,0.0638957263304693
BV009328392_0161,cluster21,0.5374933986945625,0.16363437608250975
BV009328392_0179,cluster21,0.5547870623352259,0.1574113267418131
BV009328392_0181,cluster21,0.5470679626398032,0.1862455330247696
BV009328392_0193,cluster21,0.4383803047482814,0.17359463017079813
BV009328392_0201,cluster21,0.4699703647972288,0.16553233644772422
BV009328391_0063,cluster22,0.6491679114693647,-0.019168005598156696
BV009328391_0073,cluster22,0.5814901627283607,0.002182239632745109
BV009328391_0075,cluster22,0.6166176618243203,-0.029675368064109555
BV009328391_0077,cluster22,0.5999047163686899,-0.030779810480879664
BV009328391_0079,cluster22,0.42051460565597226,0.00024362291864765323
BV009328391_0141,cluster22,0.4405700527509173,0.009543431089380815
BV009328391_0167,cluster22,0.6244244212988372,0.02116016751763065
BV009328391_0169,cluster22,0.6076575465746081,0.03829748731787271
BV009328391_0171,cluster22,0.6092578413558051,0.0083323291570366
BV009328391_0189,cluster22,0.5569932880344798,0.01578351963913071
BV009328391_0191,cluster22,0.5285856883415466,0.05466775027173757
BV009328391_0195,cluster22,0.6468955193704767,0.040954268129037616
BV009328391_0197,cluster22,0.65446212271337,0.011905996184404124
BV009328392_0005,cluster22,0.5628752283760776,0.1021132063472244
BV009328392_0009,cluster22,0.5518995744520864,-0.049030004380394614
BV009328392_0011,cluster22,0.5140954798034698,-0.06389649318411161
BV009328392_0013,cluster22,0.5332724349883771,-0.05375179209636568
BV009328392_0017,cluster22,0.5611794506880491,0.03894160667261822
BV009328392_0045,cluster22,0.5107585417106785,-0.04128349461954515
BV009328392_0049,cluster22,0.5776446549157503,-0.03984409507905975
BV009328392_0061,cluster22,0.5947688345993467,0.05188778955655198
BV009328392_0063,cluster22,0.5676594254362636,-0.021619054425098858
BV009328392_0065,cluster22,0.4891213726804813,-0.0009338723917123416
BV009328392_0075,cluster22,0.4727414697329291,0.02190485978612833
BV009328392_0077,cluster22,0.5905408886410812,0.07715714157489767
BV009328392_0083,cluster22,0.4291985690731688,-0.05515143558665996
BV009328392_0085,cluster22,0.4065700097988649,-0.0496534996077581
BV009328392_0089,cluster22,0.4244183262282475,-0.0377335336366699
BV009328392_0091,cluster22,0.4979850875371882,0.04255110737650168
BV009328392_0111,cluster22,0.4790113467398924,0.05262750777141656
BV009328392_0141,cluster22,0.502881473317224,0.016559647878939647
BV009328392_0147,cluster22,0.4450694714663708,-0.029526616674247923
BV009328392_0153,cluster22,0.5711665759372081,0.06130645259420516
BV009328392_0155,cluster22,0.5320116632200229,0.07539629145799072
BV009328392_0157,cluster22,0.5578586336827472,0.08167508481387806
BV009328392_0159,cluster22,0.5894446753124104,0.10644968695171396
BV009328392_0163,cluster22,0.5867955889852231,-0.058484745335716334
BV009328392_0165,cluster22,0.5211683670637848,-0.004206932413902543
BV009328392_0167,cluster22,0.5453554793852481,-0.0146737093011736
BV009328392_0169,cluster22,0.5886564613643396,-0.07560758653247793
BV009328392_0175,cluster22,0.5316648223263329,0.02610884299718839
BV009328391_0125,cluster23,0.9591836176907714,0.24389744524708104
BV009519002_0036,cluster23,1.027788371261816,0.2249880079233026
BV009519002_0048,cluster23,0.9757181429742969,0.21982825279526225
BV009519002_0060,cluster23,1.0109578904504306,0.23278233743869925
BV009519002_0064,cluster23,0.9956294051514162,0.2151950218284576
BV009519002_0068,cluster23,0.999088178021882,0.25596818542303196
BV009519002_0084,cluster23,1.0485404523333035,0.1861150893633806
BV009519002_0088,cluster23,1.039924290295139,0.20036724363277952
BV009519002_0108,cluster23,1.0188851409354551,0.2005223098464453
BV009519002_0116,cluster23,0.9834007274308402,0.2410085511042593
BV009519002_0120,cluster23,1.0209466589343452,0.2543420678120904
BV009519002_0124,cluster23,0.9998559920932159,0.1895245546367981
BV009519002_0140,cluster23,0.9628199326942236,0.19875624541117787
BV009474290_0228,cluster24,1.0986985025994698,0.2789958502684783
BV009519002_0002,cluster24,1.0891082356621988,0.2604989261074834
BV009519002_0028,cluster24,1.045176558485073,0.2381615302582103
BV009519002_0044,cluster24,1.0637441857752248,0.2294593117530133
BV009519002_0080,cluster24,1.075786938779437,0.2050834730918012
BV009519002_0104,cluster24,1.0790811664738744,0.2402431324814341
BV009519002_0112,cluster24,1.0413661190543055,0.2726431609381225
BV042324426_0071,cluster25,-0.02605915129067869,0.15360537852633768
BV042324426_0073,cluster25,-0.02214265538262144,0.17168515024175351
BV042324426_0075,cluster25,0.001332497661003662,0.2039579680944124
BV042324426_0077,cluster25,0.0016379639496593454,0.1889543694257932
BV042324426_0079,cluster25,0.0024415727821331533,0.1682104607021688
BV042324426_0081,cluster25,-0.001393017046580479,0.15091549236434654
